stock_code,company_name,sector_name
1301,極洋,水産・農林業
1305,大和アセットマネジメント株式会社　ｉＦｒｅｅＥＴＦ　ＴＯＰＩＸ（年１回決算型）,その他
1306,野村アセットマネジメント株式会社　ＮＥＸＴ　ＦＵＮＤＳ　ＴＯＰＩＸ連動型上場投信,その他
1308,日興アセットマネジメント株式会社　　上場インデックスファンドＴＯＰＩＸ,その他
1309,野村アセットマネジメント株式会社　ＮＥＸＴ　ＦＵＮＤＳ　ＣｈｉｎａＡＭＣ・中国株式・上証５０連動型上場投信,その他
130A,Ｖｅｒｉｔａｓ　Ｉｎ　Ｓｉｌｉｃｏ,医薬品
1311,野村アセットマネジメント株式会社　ＮＥＸＴ　ＦＵＮＤＳ　ＴＯＰＩＸ　Ｃｏｒｅ　３０連動型上場投信,その他
1319,野村アセットマネジメント株式会社　ＮＥＸＴ　ＦＵＮＤＳ　日経３００株価指数連動型上場投信,その他
131A,ＣＣＮグループ,情報･通信業
1320,大和アセットマネジメント株式会社　ｉＦｒｅｅＥＴＦ　日経２２５（年１回決算型）,その他
1321,野村アセットマネジメント株式会社　ＮＥＸＴ　ＦＵＮＤＳ　日経２２５連動型上場投信,その他
1322,日興アセットマネジメント株式会社　上場インデックスファンド中国Ａ株（パンダ）Ｅ　Ｆｕｎｄ　ＣＳＩ３００,その他
1324,野村アセットマネジメント株式会社　ＮＥＸＴ　ＦＵＮＤＳ　ロシア株式指数連動型上場投信,その他
1325,野村アセットマネジメント株式会社　ＮＥＸＴ　ＦＵＮＤＳ　ブラジル株式指数・ボベスパ連動型上場投信,その他
1326,ワールド・ゴールド・トラスト・サービシズ・エルエルシー　ＳＰＤＲゴールド・シェア,その他
1328,野村アセットマネジメント株式会社　ＮＥＸＴ　ＦＵＮＤＳ　金価格連動型上場投信,その他
1329,ブラックロック・ジャパン株式会社　　ｉシェアーズ・コア　日経２２５　ＥＴＦ,その他
132A,アイエヌホールディングス,陸運業
1330,日興アセットマネジメント株式会社　　上場インデックスファンド２２５,その他
1332,ニッスイ,水産・農林業
1333,マルハニチロ,水産・農林業
133A,Ｇｌｏｂａｌ　Ｘ　Ｊａｐａｎ株式会社　グローバルＸ　超短期米国債　ＥＴＦ,その他
1343,野村アセットマネジメント株式会社　ＮＥＸＴ　ＦＵＮＤＳ　東証ＲＥＩＴ　指数連動型上場投信,その他
1345,日興アセットマネジメント株式会社　上場インデックスファンドＪリート（東証ＲＥＩＴ指数）隔月分配型,その他
1346,三菱ＵＦＪアセットマネジメント株式会社　ＭＡＸＩＳ　日経２２５上場投信,その他
1348,三菱ＵＦＪアセットマネジメント株式会社　ＭＡＸＩＳ　トピックス上場投信,その他
1349,ステート・ストリート・グローバル・アドバイザーズ・シンガポール・リミテッド　ＡＢＦ汎アジア債券インデックス・ファンド,その他
134A,アプライズ,サービス業
1356,シンプレクス・アセット・マネジメント株式会社　ＴＯＰＩＸベア２倍上場投信,その他
1357,野村アセットマネジメント株式会社　ＮＥＸＴ　ＦＵＮＤＳ　日経平均ダブルインバース・インデックス連動型上場投信,その他
1358,日興アセットマネジメント株式会社　上場インデックスファンド日経レバレッジ指数,その他
135A,ＶＲＡＩＮ　Ｓｏｌｕｔｉｏｎ,情報･通信業
1360,シンプレクス・アセット・マネジメント株式会社　日経平均ベア２倍上場投信,その他
1364,ブラックロック・ジャパン株式会社　ｉシェアーズ　ＪＰＸ日経４００　ＥＴＦ,その他
1365,大和アセットマネジメント株式会社　ｉＦｒｅｅＥＴＦ　日経平均レバレッジ・インデックス,その他
1366,大和アセットマネジメント株式会社　ｉＦｒｅｅＥＴＦ　日経平均ダブルインバース・インデックス,その他
1367,大和アセットマネジメント株式会社　ｉＦｒｅｅＥＴＦ　ＴＯＰＩＸレバレッジ（２倍）指数,その他
1368,大和アセットマネジメント株式会社　ｉＦｒｅｅＥＴＦ　ＴＯＰＩＸダブルインバース（−２倍）指数,その他
1369,アセットマネジメントＯｎｅ株式会社　Ｏｎｅ　ＥＴＦ　日経２２５,その他
136A,三興商事,建設業
1375,雪国まいたけ,水産・農林業
1376,カネコ種苗,水産・農林業
1377,サカタのタネ,水産・農林業
1379,ホクト,水産・農林業
137A,Ｃｏｃｏｌｉｖｅ,情報･通信業
1380,秋川牧園,水産・農林業
1381,アクシーズ,水産・農林業
1382,ホーブ,水産・農林業
1383,ベルグアース,水産・農林業
1384,ホクリヨウ,水産・農林業
138A,光フードサービス,小売業
1397,三井住友ＤＳアセットマネジメント株式会社　ＳＭＤＡＭ　日経２２５上場投信,その他
1398,三井住友ＤＳアセットマネジメント株式会社　ＳＭＤＡＭ　東証ＲＥＩＴ指数上場投信,その他
1399,日興アセットマネジメント株式会社　上場インデックスファンドＭＳＣＩ日本株高配当低ボラティリティ,その他
139A,東日本地所,不動産業
1401,エムビーエス,建設業
1407,ウエストホールディングス,建設業
140A,大和アセットマネジメント株式会社　ｉＦｒｅｅＥＴＦ　米国１０年国債先物インバース,その他
1414,ショーボンドホールディングス,建設業
1417,ミライト・ワン,建設業
1418,インターライフホールディングス,建設業
1419,タマホーム,建設業
141A,トライアルホールディングス,小売業
1420,サンヨーホームズ,建設業
1429,日本アクア,建設業
142A,ジンジブ,サービス業
1430,ファーストコーポレーション,建設業
1431,Ｌｉｂ　Ｗｏｒｋ,建設業
1432,動力,建設業
1433,ベステラ,建設業
1434,ＪＥＳＣＯホールディングス,建設業
1435,ｒｏｂｏｔ　ｈｏｍｅ,不動産業
1436,グリーンエナジー＆カンパニー,建設業
1438,岐阜造園,建設業
1439,安江工務店,建設業
143A,イシン,サービス業
1443,技研ホールディングス,建設業
1444,ニッソウ,建設業
1445,ひかりホールディングス,建設業
1446,キャンディル,建設業
1447,ＩＴｂｏｏｋホールディングス,建設業
144A,エネルギーパワー,建設業
1450,田中建設工業,建設業
1451,ＫＨＣ,建設業
1452,横浜ライト工業,建設業
1456,大和アセットマネジメント株式会社　ｉＦｒｅｅＥＴＦ　日経平均インバース・インデックス,その他
1457,大和アセットマネジメント株式会社　ｉＦｒｅｅＥＴＦ　ＴＯＰＩＸインバース（−１倍）指数,その他
1458,楽天投信投資顧問株式会社　楽天ＥＴＦ‐日経レバレッジ指数連動型,その他
1459,楽天投信投資顧問株式会社　楽天ＥＴＦ‐日経ダブルインバース指数連動型,その他
145A,Ｌ　ｉｓ　Ｂ,情報･通信業
1464,大和アセットマネジメント株式会社　ｉＦｒｅｅＥＴＦ　ＪＰＸ日経４００レバレッジ・インデックス,その他
1465,大和アセットマネジメント株式会社　ｉＦｒｅｅＥＴＦ　ＪＰＸ日経４００インバース・インデックス,その他
1466,大和アセットマネジメント株式会社　ｉＦｒｅｅＥＴＦ　ＪＰＸ日経４００ダブルインバース・インデックス,その他
1469,シンプレクス・アセット・マネジメント株式会社　ＪＰＸ日経４００ベア２倍上場投信（ダブルインバース）,その他
146A,コロンビア・ワークス,不動産業
1472,野村アセットマネジメント株式会社　ＮＥＸＴ　ＦＵＮＤＳ　ＪＰＸ日経４００ダブルインバース・インデックス連動型上場投信,その他
1473,アセットマネジメントＯｎｅ株式会社　Ｏｎｅ　ＥＴＦ　トピックス,その他
1474,アセットマネジメントＯｎｅ株式会社　Ｏｎｅ　ＥＴＦ　ＪＰＸ日経４００,その他
1475,ブラックロック・ジャパン株式会社　ｉシェアーズ・コア　ＴＯＰＩＸ　ＥＴＦ,その他
1476,ブラックロック・ジャパン株式会社　ｉシェアーズ・コア　Ｊリート　ＥＴＦ,その他
1477,ブラックロック・ジャパン株式会社　ｉシェアーズ　ＭＳＣＩ　日本株最小分散　ＥＴＦ,その他
1478,ブラックロック・ジャパン株式会社　ｉシェアーズ　ＭＳＣＩ　ジャパン高配当利回り　ＥＴＦ,その他
1479,大和アセットマネジメント株式会社　ｉＦｒｅｅＥＴＦ　ＭＳＣＩ日本株人材設備投資指数,その他
147A,ソラコム,情報･通信業
1480,野村アセットマネジメント株式会社　ＮＥＸＴ　ＦＵＮＤＳ　野村企業価値分配指数連動型上場投信,その他
1481,日興アセットマネジメント株式会社　上場インデックスファンド日本経済貢献株,その他
1482,ブラックロック・ジャパン株式会社　ｉシェアーズ・コア　米国債７−１０年　ＥＴＦ（為替ヘッジあり）,その他
1483,ブラックロック・ジャパン株式会社　ｉシェアーズ　ＪＰＸ／Ｓ＆Ｐ設備・人材投資　ＥＴＦ,その他
1484,アセットマネジメントＯｎｅ株式会社　Ｏｎｅ　ＥＴＦ　ＪＰＸ／Ｓ＆Ｐ　設備・人材投資指数,その他
1485,三菱ＵＦＪアセットマネジメント株式会社　ＭＡＸＩＳ　ＪＡＰＡＮ　設備・人材積極投資企業２００上場投信,その他
1486,日興アセットマネジメント株式会社　上場インデックスファンド米国債券（為替ヘッジなし）,その他
1487,日興アセットマネジメント株式会社　上場インデックスファンド米国債券（為替ヘッジあり）,その他
1488,大和アセットマネジメント株式会社　ｉＦｒｅｅＥＴＦ　東証ＲＥＩＴ指数,その他
1489,野村アセットマネジメント株式会社　ＮＥＸＴ　ＦＵＮＤＳ　日経平均高配当株５０指数連動型上場投信,その他
148A,ハッチ・ワーク,情報･通信業
1490,日興アセットマネジメント株式会社　上場インデックスファンドＭＳＣＩ日本株高配当低ボラティリティ（βヘッジ）,その他
1491,中外鉱業,非鉄金属
1493,アセットマネジメントＯｎｅ株式会社　Ｏｎｅ　ＥＴＦ　ＪＰＸ日経中小型,その他
1494,アセットマネジメントＯｎｅ株式会社　Ｏｎｅ　ＥＴＦ　高配当日本株,その他
1495,日興アセットマネジメント株式会社　上場インデックスファンドアジアリート,その他
1496,ブラックロック・ジャパン株式会社　ｉシェアーズ　米ドル建て投資適格社債　ＥＴＦ（為替ヘッジあり）,その他
1497,ブラックロック・ジャパン株式会社　ｉシェアーズ　米ドル建てハイイールド社債　ＥＴＦ（為替ヘッジあり）,その他
1498,アセットマネジメントＯｎｅ株式会社　Ｏｎｅ　ＥＴＦ　ＥＳＧ,その他
1499,三菱ＵＦＪアセットマネジメント株式会社　ＭＡＸＩＳ日本株高配当７０マーケットニュートラル上場投信,その他
149A,シンカ,情報･通信業
150A,ＪＳＨ,サービス業
1514,住石ホールディングス,鉱業
1515,日鉄鉱業,鉱業
1518,三井松島ホールディングス,鉱業
151A,ダイブ,サービス業
152A,オプティ,卸売業
153A,カウリス,情報･通信業
1540,三菱ＵＦＪ信託銀行株式会社　純金上場信託（現物国内保管型）,その他
1541,三菱ＵＦＪ信託銀行株式会社　純プラチナ上場信託（現物国内保管型）,その他
1542,三菱ＵＦＪ信託銀行株式会社　純銀上場信託（現物国内保管型）,その他
1543,三菱ＵＦＪ信託銀行株式会社　純パラジウム上場信託（現物国内保管型）,その他
1545,野村アセットマネジメント株式会社　ＮＥＸＴ　ＦＵＮＤＳ　ＮＡＳＤＡＱ−１００（為替ヘッジなし）連動型上場投信,その他
1546,野村アセットマネジメント株式会社　ＮＥＸＴ　ＦＵＮＤＳ　ダウ・ジョーンズ工業株３０種平均株価（為替ヘッジなし）連動型上場投信,その他
1547,日興アセットマネジメント株式会社　上場インデックスファンド米国株式（Ｓ＆Ｐ５００）,その他
154A,ＧＡＩＡ,その他金融業
1550,三菱ＵＦＪアセットマネジメント株式会社　ＭＡＸＩＳ　海外株式（ＭＳＣＩコクサイ）上場投信,その他
1551,シンプレクス・アセット・マネジメント株式会社　東証スタンダードＴＯＰ２０ＥＴＦ,その他
1554,日興アセットマネジメント株式会社　上場インデックスファンド世界株式（ＭＳＣＩ　ＡＣＷＩ）除く日本,その他
1555,日興アセットマネジメント株式会社　上場インデックスファンド豪州リート（Ｓ＆Ｐ／ＡＳＸ２００　Ａ−ＲＥＩＴ）,その他
1557,ステート・ストリート・グローバル・アドバイザーズ・トラスト・カンパニー　ＳＰＤＲ　Ｓ＆Ｐ５００　ＥＴＦ,その他
1559,野村アセットマネジメント株式会社　ＮＥＸＴ　ＦＵＮＤＳ　タイ株式ＳＥＴ５０指数連動型上場投信,その他
155A,情報戦略テクノロジー,情報･通信業
1560,野村アセットマネジメント株式会社　ＮＥＸＴ　ＦＵＮＤＳ　ＦＴＳＥブルサ・マレーシアＫＬＣＩ連動型上場投信,その他
1563,シンプレクス・アセット・マネジメント株式会社　東証グロース・コアＥＴＦ,その他
1566,日興アセットマネジメント株式会社　上場インデックスファンド新興国債券,その他
1568,シンプレクス・アセット・マネジメント株式会社　ＴＯＰＩＸブル２倍上場投信,その他
1569,シンプレクス・アセット・マネジメント株式会社　ＴＯＰＩＸベア上場投信,その他
156A,マテリアルグループ,サービス業
1570,野村アセットマネジメント株式会社　ＮＥＸＴ　ＦＵＮＤＳ日経平均レバレッジ・インデックス連動型上場投信,その他
1571,野村アセットマネジメント株式会社　ＮＥＸＴ　ＦＵＮＤＳ日経平均インバース・インデックス連動型上場投信,その他
1572,シンプレクス・アセット・マネジメント株式会社　中国Ｈ株ブル２倍上場投信,その他
1573,シンプレクス・アセット・マネジメント株式会社　中国Ｈ株ベア上場投信,その他
1577,野村アセットマネジメント株式会社　ＮＥＸＴ　ＦＵＮＤＳ　野村日本株高配当７０連動型上場投信,その他
1578,日興アセットマネジメント株式会社　上場インデックスファンド日経２２５（ミニ）,その他
1579,シンプレクス・アセット・マネジメント株式会社　日経平均ブル２倍上場投信,その他
157A,グリーンモンスター,サービス業
1580,シンプレクス・アセット・マネジメント株式会社　日経平均ベア上場投信,その他
1585,大和アセットマネジメント株式会社　ｉＦｒｅｅＥＴＦ　ＴＯＰＩＸ　Ｅｘ−Ｆｉｎａｎｃｉａｌｓ,その他
1586,日興アセットマネジメント株式会社　上場インデックスファンドＴＯＰＩＸ　Ｅｘ−Ｆｉｎａｎｃｉａｌｓ,その他
158A,エクセリ,小売業
1591,野村アセットマネジメント株式会社　ＮＥＸＴ　ＦＵＮＤＳ　ＪＰＸ日経インデックス４００連動型上場投信,その他
1592,日興アセットマネジメント株式会社　上場インデックスファンドＪＰＸ日経インデックス４００,その他
1593,三菱ＵＦＪアセットマネジメント株式会社　ＭＡＸＩＳ　ＪＰＸ日経インデックス４００上場投信,その他
1595,農林中金全共連アセットマネジメント株式会社　ＮＺＡＭ　上場投信　東証ＲＥＩＴ指数,その他
1596,農林中金全共連アセットマネジメント株式会社　ＮＺＡＭ　上場投信　ＴＯＰＩＸ　Ｅｘ−Ｆｉｎａｎｃｉａｌｓ,その他
1597,三菱ＵＦＪアセットマネジメント株式会社　ＭＡＸＩＳ　Ｊリート上場投信,その他
1599,大和アセットマネジメント株式会社　ｉＦｒｅｅＥＴＦ　ＪＰＸ日経４００,その他
159A,野村アセットマネジメント株式会社　ＮＥＸＴ　ＦＵＮＤＳ　ＪＰＸプライム１５０指数連動型上場投信,その他
1605,ＩＮＰＥＸ,鉱業
160A,アズパートナーズ,サービス業
1615,野村アセットマネジメント株式会社　ＮＥＸＴ　ＦＵＮＤＳ　東証銀行業株価指数連動型上場投信,その他
1617,野村アセットマネジメント株式会社　ＮＥＸＴ　ＦＵＮＤＳ　食品（ＴＯＰＩＸ−１７）上場投信,その他
1618,野村アセットマネジメント株式会社　ＮＥＸＴ　ＦＵＮＤＳ　エネルギー資源（ＴＯＰＩＸ−１７）上場投信,その他
1619,野村アセットマネジメント株式会社　ＮＥＸＴ　ＦＵＮＤＳ　建設・資材（ＴＯＰＩＸ−１７）上場投信,その他
161A,三葉,サービス業
1620,野村アセットマネジメント株式会社　ＮＥＸＴ　ＦＵＮＤＳ　素材・化学（ＴＯＰＩＸ−１７）上場投信,その他
1621,野村アセットマネジメント株式会社　ＮＥＸＴ　ＦＵＮＤＳ　医薬品（ＴＯＰＩＸ−１７）上場投信,その他
1622,野村アセットマネジメント株式会社　ＮＥＸＴ　ＦＵＮＤＳ　自動車・輸送機（ＴＯＰＩＸ−１７）上場投信,その他
1623,野村アセットマネジメント株式会社　ＮＥＸＴ　ＦＵＮＤＳ　鉄鋼・非鉄（ＴＯＰＩＸ−１７）上場投信,その他
1624,野村アセットマネジメント株式会社　ＮＥＸＴ　ＦＵＮＤＳ　機械（ＴＯＰＩＸ−１７）上場投信,その他
1625,野村アセットマネジメント株式会社　ＮＥＸＴ　ＦＵＮＤＳ　電機・精密（ＴＯＰＩＸ−１７）上場投信,その他
1626,野村アセットマネジメント株式会社　ＮＥＸＴ　ＦＵＮＤＳ　情報通信・サービスその他（ＴＯＰＩＸ−１７）上場投信,その他
1627,野村アセットマネジメント株式会社　ＮＥＸＴ　ＦＵＮＤＳ　電力・ガス（ＴＯＰＩＸ−１７）上場投信,その他
1628,野村アセットマネジメント株式会社　ＮＥＸＴ　ＦＵＮＤＳ　運輸・物流（ＴＯＰＩＸ−１７）上場投信,その他
1629,野村アセットマネジメント株式会社　ＮＥＸＴ　ＦＵＮＤＳ　商社・卸売（ＴＯＰＩＸ−１７）上場投信,その他
162A,三菱ＵＦＪ証券ホールディングス株式会社　ＡＩセレクトメガトレンド　日本株（ネットリターン）ＥＴＮ,その他
1630,野村アセットマネジメント株式会社　ＮＥＸＴ　ＦＵＮＤＳ　小売（ＴＯＰＩＸ−１７）上場投信,その他
1631,野村アセットマネジメント株式会社　ＮＥＸＴ　ＦＵＮＤＳ　銀行（ＴＯＰＩＸ−１７）上場投信,その他
1632,野村アセットマネジメント株式会社　ＮＥＸＴ　ＦＵＮＤＳ　金融（除く銀行）（ＴＯＰＩＸ−１７）上場投信,その他
1633,野村アセットマネジメント株式会社　ＮＥＸＴ　ＦＵＮＤＳ　不動産（ＴＯＰＩＸ−１７）上場投信,その他
163A,三菱ＵＦＪ証券ホールディングス株式会社　半導体フォーカス　日本株（ネットリターン）ＥＴＮ,その他
164A,アップルパーク,不動産業
1651,大和アセットマネジメント株式会社　ｉＦｒｅｅＥＴＦ　ＴＯＰＩＸ高配当４０指数,その他
1652,大和アセットマネジメント株式会社　ｉＦｒｅｅＥＴＦ　ＭＳＣＩ日本株女性活躍指数（ＷＩＮ）,その他
1653,大和アセットマネジメント株式会社　ｉＦｒｅｅＥＴＦ　ＭＳＣＩジャパンＥＳＧセレクト・リーダーズ指数,その他
1654,大和アセットマネジメント株式会社　ｉＦｒｅｅＥＴＦ　ＦＴＳＥ　Ｂｌｏｓｓｏｍ　Ｊａｐａｎ　Ｉｎｄｅｘ,その他
1655,ブラックロック・ジャパン株式会社　ｉシェアーズ　Ｓ＆Ｐ　５００　米国株　ＥＴＦ,その他
1656,ブラックロック・ジャパン株式会社　ｉシェアーズ・コア　米国債７−１０年　ＥＴＦ,その他
1657,ブラックロック・ジャパン株式会社　ｉシェアーズ・コア　ＭＳＣＩ　先進国株（除く日本）ＥＴＦ,その他
1658,ブラックロック・ジャパン株式会社　ｉシェアーズ・コア　ＭＳＣＩ　新興国株　ＥＴＦ,その他
1659,ブラックロック・ジャパン株式会社　ｉシェアーズ　米国リート　ＥＴＦ,その他
165A,ＳＢＩレオスひふみ,証券･商品先物取引業
1660,三菱ＵＦＪアセットマネジメント株式会社　ＭＡＸＩＳ高利回りＪリート上場投信,その他
1662,石油資源開発,鉱業
1663,Ｋ＆Ｏエナジーグループ,鉱業
166A,タスキホールディングス,不動産業
1671,シンプレクス・アセット・マネジメント株式会社　ＷＴＩ原油価格連動型上場投信,その他
1672,ウィズダムツリー・メタル・セキュリティーズ・リミテッド　ＷｉｓｄｏｍＴｒｅｅ　金上場投資信託,その他
1673,ウィズダムツリー・メタル・セキュリティーズ・リミテッド　ＷｉｓｄｏｍＴｒｅｅ　銀上場投資信託,その他
1674,ウィズダムツリー・メタル・セキュリティーズ・リミテッド　ＷｉｓｄｏｍＴｒｅｅ　白金上場投資信託,その他
1675,ウィズダムツリー・メタル・セキュリティーズ・リミテッド　ＷｉｓｄｏｍＴｒｅｅ　パラジウム上場投資信託,その他
1676,ウィズダムツリー・メタル・セキュリティーズ・リミテッド　ＷｉｓｄｏｍＴｒｅｅ　貴金属バスケット上場投資信託,その他
1677,日興アセットマネジメント株式会社　上場インデックスファンド海外債券（ＦＴＳＥ　ＷＧＢＩ）毎月分配型,その他
1678,野村アセットマネジメント株式会社　ＮＥＸＴ　ＦＵＮＤＳ　インド株式指数・Ｎｉｆｔｙ　５０　連動型上場投信,その他
1679,シンプレクス・アセット・マネジメント株式会社　Ｓｉｍｐｌｅ−Ｘ　ＮＹ　ダウ・ジョーンズ・インデックス上場投信,その他
167A,リョーサン菱洋ホールディングス,卸売業
1680,日興アセットマネジメント株式会社　上場インデックスファンド海外先進国株式（ＭＳＣＩ−ＫＯＫＵＳＡＩ）,その他
1681,日興アセットマネジメント株式会社　上場インデックスファンド海外新興国株式（ＭＳＣＩ　エマージング）,その他
1682,野村アセットマネジメント株式会社　ＮＥＸＴ　ＦＵＮＤＳ　日経・ＪＰＸ白金指数連動型上場投信,その他
1684,ウィズダムツリー・コモディティ・セキュリティーズ・リミテッド　ＷｉｓｄｏｍＴｒｅｅ　ブロード上場投資信託,その他
1685,ウィズダムツリー・コモディティ・セキュリティーズ・リミテッド　ＷｉｓｄｏｍＴｒｅｅ　エネルギー上場投資信託,その他
1686,ウィズダムツリー・コモディティ・セキュリティーズ・リミテッド　ＷｉｓｄｏｍＴｒｅｅ　産業用金属上場投資信託,その他
1687,ウィズダムツリー・コモディティ・セキュリティーズ・リミテッド　ＷｉｓｄｏｍＴｒｅｅ　農産物上場投資信託,その他
1688,ウィズダムツリー・コモディティ・セキュリティーズ・リミテッド　ＷｉｓｄｏｍＴｒｅｅ　穀物上場投資信託,その他
1689,ウィズダムツリー・コモディティ・セキュリティーズ・リミテッド　ＷｉｓｄｏｍＴｒｅｅ　天然ガス上場投資信託,その他
168A,イタミアート,その他製品
1690,ウィズダムツリー・コモディティ・セキュリティーズ・リミテッド　ＷｉｓｄｏｍＴｒｅｅ　ＷＴＩ　原油上場投資信託,その他
1691,ウィズダムツリー・コモディティ・セキュリティーズ・リミテッド　ＷｉｓｄｏｍＴｒｅｅ　ガソリン上場投資信託,その他
1692,ウィズダムツリー・コモディティ・セキュリティーズ・リミテッド　ＷｉｓｄｏｍＴｒｅｅ　アルミニウム上場投資信託,その他
1693,ウィズダムツリー・コモディティ・セキュリティーズ・リミテッド　ＷｉｓｄｏｍＴｒｅｅ　銅上場投資信託,その他
1694,ウィズダムツリー・コモディティ・セキュリティーズ・リミテッド　ＷｉｓｄｏｍＴｒｅｅ　ニッケル上場投資信託,その他
1695,ウィズダムツリー・コモディティ・セキュリティーズ・リミテッド　ＷｉｓｄｏｍＴｒｅｅ　小麦上場投資信託,その他
1696,ウィズダムツリー・コモディティ・セキュリティーズ・リミテッド　ＷｉｓｄｏｍＴｒｅｅ　とうもろこし上場投資信託,その他
1697,ウィズダムツリー・コモディティ・セキュリティーズ・リミテッド　ＷｉｓｄｏｍＴｒｅｅ　大豆上場投資信託,その他
1698,日興アセットマネジメント株式会社　上場インデックスファンド日本高配当（東証配当フォーカス１００）,その他
1699,野村アセットマネジメント株式会社　ＮＥＸＴ　ＦＵＮＤＳ　ＮＯＭＵＲＡ　原油インデックス連動型上場投信,その他
170A,三井住友トラスト・アセットマネジメント株式会社　ＳＭＴ　ＥＴＦ日本好配当株アクティブ,その他
1711,ＳＤＳホールディングス,建設業
1712,ダイセキ環境ソリューション,建設業
1716,第一カッター興業,建設業
1717,明豊ファシリティワークス,サービス業
1718,美樹工業,建設業
1719,安藤・間,建設業
171A,ゼロジャパン,卸売業
1720,東急建設,建設業
1721,コムシスホールディングス,建設業
1723,日本電技,建設業
1724,シンクレイヤ,建設業
1726,ビーアールホールディングス,建設業
172A,ネオホーム,不動産業
1730,麻生フオームクリート,建設業
1736,オーテック,建設業
173A,ハンモック,情報･通信業
1743,コーアツ工業,建設業
174A,エージェンテック,情報･通信業
1757,創建エース,建設業
1758,太洋基礎工業,建設業
175A,Ｗｉｌｌ　Ｓｍａｒｔ,情報･通信業
1762,高松コンストラクショングループ,建設業
1764,工藤建設,建設業
1766,東建コーポレーション,建設業
1768,ソネック,建設業
176A,レジル,電気･ガス業
1770,藤田エンジニアリング,建設業
1773,ワイ・ティー・エル・コーポレーション・バーハッド,建設業
1775,富士古河Ｅ＆Ｃ,建設業
1776,三井住建道路,建設業
177A,コージンバイオ,化学
1780,ヤマウラ,建設業
1783,ｆａｎｔａｓｉｓｔａ,不動産業
1786,オリエンタル白石,建設業
1787,ナカボーテック,建設業
1788,三東工業社,建設業
1789,ＥＴＳホールディングス,建設業
178A,Ｇｌｏｂａｌ　Ｘ　Ｊａｐａｎ株式会社　グローバルＸ　革新的優良企業　ＥＴＦ,その他
1793,大本組,建設業
1795,マサル,建設業
1798,守谷商会,建設業
1799,第一建設工業,建設業
179A,Ｇｌｏｂａｌ　Ｘ　Ｊａｐａｎ株式会社　グローバルＸ　超長期米国債　ＥＴＦ（為替ヘッジあり）,その他
1801,大成建設,建設業
1802,大林組,建設業
1803,清水建設,建設業
1805,飛島建設,建設業
1807,佐藤渡辺,建設業
1808,長谷工コーポレーション,建設業
180A,Ｇｌｏｂａｌ　Ｘ　Ｊａｐａｎ株式会社　グローバルＸ　超長期米国債　ＥＴＦ,その他
1810,松井建設,建設業
1811,錢高組,建設業
1812,鹿島建設,建設業
1813,不動テトラ,建設業
1814,大末建設,建設業
1815,鉄建建設,建設業
181A,三菱ＵＦＪアセットマネジメント株式会社　ＭＡＸＩＳ米国国債１−３年上場投信（為替ヘッジなし）,その他
1820,西松建設,建設業
1821,三井住友建設,建設業
1822,大豊建設,建設業
1826,佐田建設,建設業
1827,ナカノフドー建設,建設業
1828,田辺工業,建設業
182A,三菱ＵＦＪアセットマネジメント株式会社　ＭＡＸＩＳ米国国債２０年超上場投信（為替ヘッジなし）,その他
1833,奥村組,建設業
1835,東鉄工業,建設業
183A,三菱ＵＦＪアセットマネジメント株式会社　ＭＡＸＩＳ米国国債２０年超上場投信（為替ヘッジあり）,その他
1840,土屋ホールディングス,建設業
1841,サンユー建設,建設業
1844,大盛工業,建設業
1847,イチケン,建設業
1848,富士ピー・エス,建設業
184A,学びエイド,情報･通信業
1850,南海辰村建設,建設業
1852,淺沼組,建設業
1853,森組,建設業
185A,リサイクルテック・ジャパン,サービス業
1860,戸田建設,建設業
1861,熊谷組,建設業
1866,北野建設,建設業
1867,植木組,建設業
186A,アストロスケールホールディングス,サービス業
1870,矢作建設工業,建設業
1871,ピーエス・コンストラクション,建設業
1873,日本ハウスホールディングス,建設業
1878,大東建託,不動産業
1879,新日本建設,建設業
187A,サムティホールディングス,不動産業
1882,東亜道路工業,建設業
1884,日本道路,建設業
1885,東亜建設工業,建設業
1887,日本国土開発,建設業
1888,若築建設,建設業
188A,Ｇｌｏｂａｌ　Ｘ　Ｊａｐａｎ株式会社　グローバルＸ　インド・トップ１０＋　ＥＴＦ,その他
1890,東洋建設,建設業
1893,五洋建設,建設業
1897,金下建設,建設業
1898,世紀東急工業,建設業
1899,福田組,建設業
189A,Ｄ＆Ｍカンパニー,サービス業
1904,大成温調,建設業
1905,テノックス,建設業
1909,日本ドライケミカル,機械
190A,Ｃｈｏｒｄｉａ　Ｔｈｅｒａｐｅｕｔｉｃｓ,医薬品
1911,住友林業,建設業
1914,日本基礎技術,建設業
191A,ミモザ,サービス業
1921,巴コーポレーション,建設業
1925,大和ハウス工業,建設業
1926,ライト工業,建設業
1928,積水ハウス,建設業
1929,日特建設,建設業
192A,インテグループ,サービス業
1930,北陸電気工事,建設業
1934,ユアテック,建設業
1938,日本リーテック,建設業
1939,四電工,建設業
193A,グローベルス,不動産業
1941,中電工,建設業
1942,関電工,建設業
1944,きんでん,建設業
1945,東京エネシス,建設業
1946,トーエネック,建設業
1948,弘電社,建設業
1949,住友電設,建設業
194A,ＷＯＬＶＥＳ　ＨＡＮＤ,サービス業
1950,日本電設工業,建設業
1951,エクシオグループ,建設業
1952,新日本空調,建設業
1959,九電工,建設業
195A,ライスカレー,サービス業
1960,サンテック,建設業
1961,三機工業,建設業
1963,日揮ホールディングス,建設業
1964,中外炉工業,建設業
1965,テクノ菱和,建設業
1966,高田工業所,建設業
1967,ヤマト,建設業
1968,太平電業,建設業
1969,高砂熱学工業,建設業
196A,ＭＦＳ,その他金融業
1972,三晃金属工業,建設業
1973,ＮＥＣネッツエスアイ,情報･通信業
1975,朝日工業社,建設業
1976,明星工業,建設業
1979,大氣社,建設業
197A,タウンズ,医薬品
1980,ダイダン,建設業
1981,協和日成,建設業
1982,日比谷総合設備,建設業
198A,ＰｏｓｔＰｒｉｍｅ,情報･通信業
1992,神田通信機,建設業
1994,高橋カーテンウォール工業,建設業
1997,暁飯島工業,建設業
199A,メディエア,情報･通信業
2001,ニップン,食料品
2002,日清製粉グループ本社,食料品
2003,日東富士製粉,食料品
2004,昭和産業,食料品
2009,鳥越製粉,食料品
200A,野村アセットマネジメント株式会社　ＮＥＸＴ　ＦＵＮＤＳ　日経半導体株指数連動型上場投信,その他
2011,三井住友ＤＳアセットマネジメント株式会社　ＳＭＤＡＭ　Ａｃｔｉｖｅ　ＥＴＦ　日本高配当株式,その他
2012,ブラックロック・ジャパン株式会社　ｉシェアーズ　米国債０−３ヶ月　ＥＴＦ,その他
2013,ブラックロック・ジャパン株式会社　ｉシェアーズ　米国高配当株　ＥＴＦ,その他
2014,ブラックロック・ジャパン株式会社　ｉシェアーズ　米国連続増配株　ＥＴＦ,その他
2015,大和アセットマネジメント株式会社　ｉＦｒｅｅＥＴＦ　米国国債７−１０年（為替ヘッジなし）,その他
2016,大和アセットマネジメント株式会社　ｉＦｒｅｅＥＴＦ　米国国債７−１０年（為替ヘッジあり）,その他
2017,大和アセットマネジメント株式会社　ｉＦｒｅｅＥＴＦ　ＪＰＸプライム１５０,その他
2018,Ｇｌｏｂａｌ　Ｘ　Ｊａｐａｎ株式会社　グローバルＸ　ＵＳ　ＲＥＩＴ・トップ２０　ＥＴＦ,その他
2019,Ｇｌｏｂａｌ　Ｘ　Ｊａｐａｎ株式会社　グローバルＸ　米国優先証券　ＥＴＦ（隔月分配型）,その他
201A,ブラックロック・ジャパン株式会社　ｉシェアーズ　Ｎｉｆｔｙ　５０　インド株　ＥＴＦ,その他
202A,豆蔵デジタルホールディングス,情報･通信業
2031,ノムラ・ヨーロッパ・ファイナンス・エヌ・ブイ　ＮＥＸＴ　ＮＯＴＥＳ　香港ハンセン・ダブル・ブル　ＥＴＮ,その他
2032,ノムラ・ヨーロッパ・ファイナンス・エヌ・ブイ　ＮＥＸＴ　ＮＯＴＥＳ　香港ハンセン・ベア　ＥＴＮ,その他
2033,ノムラ・ヨーロッパ・ファイナンス・エヌ・ブイ　ＮＥＸＴ　ＮＯＴＥＳ　韓国ＫＯＳＰＩ・ダブル・ブル　ＥＴＮ,その他
2034,ノムラ・ヨーロッパ・ファイナンス・エヌ・ブイ　ＮＥＸＴ　ＮＯＴＥＳ　韓国ＫＯＳＰＩ・ベア　ＥＴＮ,その他
2036,ノムラ・ヨーロッパ・ファイナンス・エヌ・ブイ　ＮＥＸＴ　ＮＯＴＥＳ　金先物　ダブル・ブル　ＥＴＮ,その他
2037,ノムラ・ヨーロッパ・ファイナンス・エヌ・ブイ　ＮＥＸＴ　ＮＯＴＥＳ　金先物　ベア　ＥＴＮ,その他
2038,ノムラ・ヨーロッパ・ファイナンス・エヌ・ブイ　ＮＥＸＴ　ＮＯＴＥＳ　ドバイ原油先物　ダブル・ブル　ＥＴＮ,その他
2039,ノムラ・ヨーロッパ・ファイナンス・エヌ・ブイ　ＮＥＸＴ　ＮＯＴＥＳ　ドバイ原油先物　ベア　ＥＴＮ,その他
203A,シュンビン,サービス業
2040,ノムラ・ヨーロッパ・ファイナンス・エヌ・ブイ　ＮＥＸＴ　ＮＯＴＥＳ　ＮＹダウ・ダブル・ブル・ドルヘッジ　ＥＴＮ,その他
2041,ノムラ・ヨーロッパ・ファイナンス・エヌ・ブイ　ＮＥＸＴ　ＮＯＴＥＳ　ＮＹダウ・ベア・ドルヘッジ　ＥＴＮ,その他
2042,ノムラ・ヨーロッパ・ファイナンス・エヌ・ブイ　ＮＥＸＴ　ＮＯＴＥＳ　東証グロース市場２５０　ＥＴＮ,その他
2043,ノムラ・ヨーロッパ　ＮＥＸＴ　ＮＯＴＥＳ　ＳＴＯＸＸ　アセアン好配当５０（円、ネットリターン）ＥＴＮ,その他
2044,ノムラ・ヨーロッパ・ファイナンス・エヌ・ブイ　ＮＥＸＴ　ＮＯＴＥＳ　Ｓ＆Ｐ５００　配当貴族（ネットリターン）　ＥＴＮ,その他
2045,ノムラ・ヨーロッパ・ファイナンス・エヌ・ブイ　ＮＥＸＴ　ＮＯＴＥＳ　Ｓ＆Ｐ　シンガポール　リート（ネットリターン）　ＥＴＮ,その他
2046,ノムラ・ヨーロッパ・ファイナンス・エヌ・ブイ　ＮＥＸＴ　ＮＯＴＥＳ　インドＮｉｆｔｙ・ダブル・ブル　ＥＴＮ,その他
2047,ノムラ・ヨーロッパ・ファイナンス・エヌ・ブイ　ＮＥＸＴ　ＮＯＴＥＳ　インドＮｉｆｔｙ・ベア　ＥＴＮ,その他
2048,ノムラ・ヨーロッパ・ファイナンス・エヌ・ブイ　ＮＥＸＴ　ＮＯＴＥＳ　野村日本株高配当７０（ドルヘッジ、ネットリターン）ＥＴＮ,その他
204A,タイヨーパッケージ,パルプ・紙
2050,ノムラ・ヨーロッパ・ファイナンス・エヌ・ブイ　ＮＥＸＴ　ＮＯＴＥＳ　ニッチトップ　中小型日本株（ネットリターン）ＥＴＮ,その他
2053,中部飼料,食料品
2055,日和産業,食料品
205A,ロゴスホールディングス,建設業
2060,フィード・ワン,食料品
2065,ノムラ・ヨーロッパ・ファイナンス・エヌ・ブイ　ＮＥＸＴ　ＮＯＴＥＳ　日本株配当貴族（ドルヘッジ、ネットリターン）ＥＴＮ,その他
2066,ノムラ・ヨーロッパ・ファイナンス・エヌ・ブイ　ＮＥＸＴ　ＮＯＴＥＳ　東証ＲＥＩＴ（ドルヘッジ、ネットリターン）ＥＴＮ,その他
2067,ノムラ・ヨーロッパ・ファイナンス・エヌ・ブイ　ＮＥＸＴ　ＮＯＴＥＳ　野村ＡＩビジネス７０（ネットリターン）ＥＴＮ,その他
2068,ノムラ・ヨーロッパ・ファイナンス・エヌ・ブイ　ＮＥＸＴ　ＮＯＴＥＳ　高ベータ３０（ネットリターン）ＥＴＮ,その他
2069,ノムラ・ヨーロッパ・ファイナンス・エヌ・ブイ　ＮＥＸＴ　ＮＯＴＥＳ　低ベータ５０（ネットリターン）ＥＴＮ,その他
206A,ＰＲＩＳＭ　ＢｉｏＬａｂ,医薬品
2070,三菱ＵＦＪ証券ホールディングス株式会社　スマートＥＳＧ３０女性活躍（ネットリターン）ＥＴＮ,その他
2071,三菱ＵＦＪ証券ホールディングス株式会社　スマートＥＳＧ３０総合（ネットリターン）ＥＴＮ,その他
2072,三菱ＵＦＪ証券ホールディングス株式会社　トップシェアインデックス（ネットリターン）ＥＴＮ,その他
2073,三菱ＵＦＪ証券ホールディングス株式会社　スマートＥＳＧ３０低カーボンリスク（ネットリターン）ＥＴＮ,その他
207A,ライジングコーポレーション,建設業
2080,シンプレクス・アセット・マネジメント株式会社　ＰＢＲ１倍割れ解消推進ＥＴＦ,その他
2081,シンプレクス・アセット・マネジメント株式会社　政策保有解消推進ＥＴＦ,その他
2082,シンプレクス・アセット・マネジメント株式会社　投資家経営者一心同体ＥＴＦ,その他
2083,野村アセットマネジメント株式会社　ＮＥＸＴ　ＦＵＮＤＳ　日本成長株アクティブ上場投信,その他
2084,野村アセットマネジメント株式会社　ＮＥＸＴ　ＦＵＮＤＳ　日本高配当株アクティブ上場投信,その他
2085,三菱ＵＦＪアセットマネジメント株式会社　ＭＡＸＩＳ高配当日本株アクティブ上場投信,その他
2086,農林中金全共連アセットマネジメント株式会社　ＮＺＡＭ　上場投信　Ｓ＆Ｐ５００（為替ヘッジあり）,その他
2087,農林中金全共連アセットマネジメント株式会社　ＮＺＡＭ　上場投信　ＮＡＳＤＡＱ１００（為替ヘッジあり）,その他
2088,農林中金全共連アセットマネジメント株式会社　ＮＺＡＭ　上場投信　ＮＹダウ３０（為替ヘッジあり）,その他
2089,農林中金全共連アセットマネジメント株式会社　ＮＺＡＭ　上場投信　ＤＡＸ（為替ヘッジあり）,その他
208A,構造計画研究所ホールディングス,情報･通信業
2090,農林中金全共連アセットマネジメント株式会社　ＮＺＡＭ　上場投信　米国国債７−１０年（為替ヘッジあり）,その他
2091,農林中金全共連アセットマネジメント株式会社　ＮＺＡＭ　上場投信　ドイツ国債７−１０年（為替ヘッジあり）,その他
2092,農林中金全共連アセットマネジメント株式会社　ＮＺＡＭ　上場投信　フランス国債７−１０年（為替ヘッジあり）,その他
2093,日興アセットマネジメント株式会社　上場Ｔｒａｃｅｒｓ　米国債０−２年ラダー（為替ヘッジなし）,その他
2094,シンプレクス・アセット・マネジメント株式会社　東証ＲＥＩＴインバースＥＴＦ,その他
2095,Ｇｌｏｂａｌ　Ｘ　Ｊａｐａｎ株式会社　グローバルＸ　Ｓ＆Ｐ５００配当貴族　ＥＴＦ（為替ヘッジあり）,その他
2096,Ｇｌｏｂａｌ　Ｘ　Ｊａｐａｎ株式会社　グローバルＸ　オフィス・Ｊ−ＲＥＩＴ　ＥＴＦ,その他
2097,Ｇｌｏｂａｌ　Ｘ　Ｊａｐａｎ株式会社　グローバルＸ　レジデンシャル・Ｊ−ＲＥＩＴ　ＥＴＦ,その他
2098,Ｇｌｏｂａｌ　Ｘ　Ｊａｐａｎ株式会社　グローバルＸ　ホテル＆リテール・Ｊ−ＲＥＩＴ　ＥＴＦ,その他
209A,小野谷機工,機械
2107,東洋精糖,食料品
2108,日本甜菜製糖,食料品
2109,ＤＭ三井製糖ホールディングス,食料品
210A,大和アセットマネジメント株式会社　ｉＦｒｅｅＥＴＦ　日経高利回りＲＥＩＴ指数,その他
2112,塩水港精糖,食料品
2114,フジ日本精糖,食料品
2117,ウェルネオシュガー,食料品
211A,カドス・コーポレーション,建設業
2120,ＬＩＦＵＬＬ,サービス業
2121,ＭＩＸＩ,サービス業
2122,インタースペース,サービス業
2124,ジェイエイシーリクルートメント,サービス業
2127,日本Ｍ＆Ａセンターホールディングス,サービス業
212A,フィットイージー,サービス業
2130,メンバーズ,サービス業
2134,北浜キャピタルパートナーズ,サービス業
2136,ヒップ,サービス業
2138,クルーズ,情報･通信業
2139,中広,サービス業
213A,日興アセットマネジメント株式会社　上場インデックスファンド日経半導体株,その他
2146,ＵＴグループ,サービス業
2148,アイティメディア,サービス業
2150,ケアネット,サービス業
2152,幼児活動研究会,サービス業
2153,Ｅ・Ｊホールディングス,サービス業
2154,オープンアップグループ,サービス業
2156,セーラー広告,サービス業
2157,コシダカホールディングス,サービス業
2158,ＦＲＯＮＴＥＯ,サービス業
215A,タイミー,サービス業
2160,ジーエヌアイグループ,医薬品
2162,ｎｍｓ　ホールディングス,サービス業
2163,アルトナー,サービス業
2164,地域新聞社,サービス業
2168,パソナグループ,サービス業
2169,ＣＤＳ,サービス業
216A,ライフクリエイト,小売業
2170,リンクアンドモチベーション,サービス業
2173,博展,サービス業
2175,エス・エム・エス,サービス業
2179,成学社,サービス業
217A,サポート,サービス業
2180,サニーサイドアップグループ,サービス業
2181,パーソルホールディングス,サービス業
2183,リニカル,サービス業
2185,シイエム・シイ,サービス業
2186,ソーバル,サービス業
218A,Ｌｉｂｅｒａｗａｒｅ,精密機器
2193,クックパッド,サービス業
2195,アミタホールディングス,サービス業
2196,エスクリ,サービス業
2198,アイ・ケイ・ケイホールディングス,サービス業
219A,Ｈｅａｒｔｓｅｅｄ,医薬品
2201,森永製菓,食料品
2204,中村屋,食料品
2206,江崎グリコ,食料品
2207,名糖産業,食料品
2208,ブルボン,食料品
2209,井村屋グループ,食料品
220A,Ｆａｂｅｒ　Ｃｏｍｐａｎｙ,情報･通信業
2211,不二家,食料品
2212,山崎製パン,食料品
2215,第一屋製パン,食料品
2216,カンロ,食料品
2217,モロゾフ,食料品
221A,三菱ＵＦＪアセットマネジメント株式会社　ＭＡＸＩＳ日経半導体株上場投信,その他
2220,亀田製菓,食料品
2221,岩塚製菓,食料品
2222,寿スピリッツ,食料品
2224,コモ,食料品
2226,湖池屋,食料品
2229,カルビー,食料品
2235,日興アセットマネジメント株式会社　上場インデックスファンド米国株式（ダウ平均）為替ヘッジなし,その他
2236,Ｇｌｏｂａｌ　Ｘ　Ｊａｐａｎ株式会社　グローバルＸ　Ｓ＆Ｐ５００配当貴族ＥＴＦ,その他
2237,大和アセットマネジメント株式会社　ｉＦｒｅｅＥＴＦ　Ｓ＆Ｐ５００レバレッジ,その他
2238,大和アセットマネジメント株式会社　ｉＦｒｅｅＥＴＦ　Ｓ＆Ｐ５００インバース,その他
2239,日興アセットマネジメント株式会社　上場インデックスファンドＳ＆Ｐ５００先物レバレッジ２倍,その他
223A,Ｇｌｏｂａｌ　Ｘ　Ｊａｐａｎ株式会社　グローバルＸ　ＡＩ＆ビッグデータ　ＥＴＦ,その他
2240,日興アセットマネジメント株式会社　上場インデックスファンドＳ＆Ｐ５００先物インバース,その他
2241,三菱ＵＦＪアセットマネジメント株式会社　ＭＡＸＩＳ　ＮＹダウ上場投信,その他
2242,三菱ＵＦＪアセットマネジメント株式会社　ＭＡＸＩＳ　ＮＹダウ上場投信（為替ヘッジあり）,その他
2243,Ｇｌｏｂａｌ　Ｘ　Ｊａｐａｎ株式会社　グローバルＸ　半導体　ＥＴＦ,その他
2244,Ｇｌｏｂａｌ　Ｘ　Ｊａｐａｎ株式会社　グローバルＸ　ＵＳ　テック・トップ２０　ＥＴＦ,その他
2245,野村アセットマネジメント株式会社　ＮＥＸＴ　ＦＵＮＤＳ　ブルームバーグ・ドイツ国債（７−１０年）インデックス（為替ヘッジあり）連動型上場投信,その他
2246,野村アセットマネジメント株式会社　ＮＥＸＴ　ＦＵＮＤＳ　ブルームバーグ・フランス国債（７−１０年）インデックス（為替ヘッジあり）連動型上場投信,その他
2247,大和アセットマネジメント株式会社　ｉＦｒｅｅＥＴＦ　Ｓ＆Ｐ５００（為替ヘッジなし）,その他
2248,大和アセットマネジメント株式会社　ｉＦｒｅｅＥＴＦ　Ｓ＆Ｐ５００（為替ヘッジあり）,その他
2249,大和アセットマネジメント株式会社　ｉＦｒｅｅＥＴＦ　Ｓ＆Ｐ５００ダブルインバース,その他
224A,Ｇｌｏｂａｌ　Ｘ　Ｊａｐａｎ株式会社　グローバルＸ　ウラニウムビジネス　ＥＴＦ,その他
2250,ブラックロック・ジャパン株式会社　ｉシェアーズ　ＭＳＣＩ　ジャパン気候変動アクション　ＥＴＦ,その他
2251,野村アセットマネジメント株式会社　ＮＥＸＴ　ＦＵＮＤＳ　ＪＰＸ国債先物ダブルインバース指数連動型上場投信,その他
2252,Ｇｌｏｂａｌ　Ｘ　Ｊａｐａｎ株式会社　グローバルＸ　Ｍｏｒｎｉｎｇｓｔａｒ　米国中小型　Ｍｏａｔ　ＥＴＦ,その他
2253,Ｇｌｏｂａｌ　Ｘ　Ｊａｐａｎ株式会社　グローバルＸ　スーパーディビィデンド−ＵＳ　ＥＴＦ,その他
2254,Ｇｌｏｂａｌ　Ｘ　Ｊａｐａｎ株式会社　グローバルＸ　チャイナＥＶ＆バッテリー　ＥＴＦ,その他
2255,ブラックロック・ジャパン株式会社　ｉシェアーズ　米国債２０年超　ＥＴＦ,その他
2256,ブラックロック・ジャパン株式会社　ｉシェアーズ　米国総合債券　ＥＴＦ,その他
2257,ブラックロック・ジャパン株式会社　ｉシェアーズ　米ドル建て投資適格社債　ＥＴＦ,その他
2258,ブラックロック・ジャパン株式会社　ｉシェアーズ　米ドル建てハイイールド社債　ＥＴＦ,その他
2259,ブラックロック・ジャパン株式会社　ｉシェアーズ　フランス国債７−１０年　ＥＴＦ（為替ヘッジあり）,その他
2264,森永乳業,食料品
2266,六甲バター,食料品
2267,ヤクルト本社,食料品
2268,Ｂ−Ｒ　サーティワン　アイスクリーム,食料品
2269,明治ホールディングス,食料品
226A,勝美ジャパン,食料品
2270,雪印メグミルク,食料品
2281,プリマハム,食料品
2282,日本ハム,食料品
2286,林兼産業,食料品
2288,丸大食品,食料品
2291,福留ハム,食料品
2292,Ｓ　Ｆｏｏｄｓ,食料品
2293,滝沢ハム,食料品
2294,柿安本店,食料品
2296,伊藤ハム米久ホールディングス,食料品
2300,きょくとう,サービス業
2301,学情,サービス業
2303,ドーン,情報･通信業
2304,ＣＳＳホールディングス,サービス業
2305,スタジオアリス,サービス業
2307,クロスキャット,情報･通信業
2311,エプコ,サービス業
2315,ＣＡＩＣＡ　ＤＩＧＩＴＡＬ,情報･通信業
2317,システナ,情報･通信業
2321,ソフトフロントホールディングス,情報･通信業
2323,ｆｏｎｆｕｎ,情報･通信業
2325,ＮＪＳ,サービス業
2326,デジタルアーツ,情報･通信業
2327,日鉄ソリューションズ,情報･通信業
2329,東北新社,情報･通信業
2330,フォーサイド,情報･通信業
2331,綜合警備保障,サービス業
2332,クエスト,情報･通信業
2334,イオレ,サービス業
2335,キューブシステム,情報･通信業
2337,いちご,不動産業
2338,クオンタムソリューションズ,情報･通信業
2340,極楽湯ホールディングス,サービス業
2341,アルバイトタイムス,サービス業
2342,トランスジェニック,サービス業
2344,平安レイサービス,サービス業
2345,クシム,情報･通信業
2349,エヌアイデイ,情報･通信業
2351,ＡＳＪ,情報･通信業
2353,日本駐車場開発,不動産業
2354,ＹＥ　ＤＩＧＩＴＡＬ,情報･通信業
2359,コア,情報･通信業
2370,メディネット,サービス業
2371,カカクコム,サービス業
2372,アイロムグループ,サービス業
2373,ケア２１,サービス業
2374,セントケア・ホールディング,サービス業
2375,ギグワークス,サービス業
2376,サイネックス,サービス業
2378,ルネサンス,サービス業
2379,ディップ,サービス業
2384,ＳＢＳホールディングス,陸運業
2385,総医研ホールディングス,サービス業
2388,ウェッジホールディングス,その他金融業
2389,デジタルホールディングス,サービス業
2391,プラネット,サービス業
2393,日本ケアサプライ,サービス業
2395,新日本科学,サービス業
2397,ＤＮＡチップ研究所,サービス業
2404,鉄人化ホールディングス,サービス業
2408,ＫＧ情報,サービス業
2410,キャリアデザインセンター,サービス業
2411,ゲンダイエージェンシー,情報･通信業
2413,エムスリー,サービス業
2415,ヒューマンホールディングス,サービス業
2418,ツカダ・グローバルホールディング,サービス業
2424,ブラス,サービス業
2425,ケアサービス,サービス業
2428,ウェルネット,サービス業
2429,ワールドホールディングス,サービス業
2432,ディー・エヌ・エー,サービス業
2433,博報堂ＤＹホールディングス,サービス業
2435,シダー,サービス業
2436,共同ピーアール,サービス業
2437,Ｓｈｉｎｗａ　Ｗｉｓｅ　Ｈｏｌｄｉｎｇｓ,サービス業
2438,アスカネット,サービス業
2440,ぐるなび,サービス業
2445,タカミヤ,サービス業
2449,プラップジャパン,サービス業
2452,コンピュータマインド,情報･通信業
2454,オールアバウト,サービス業
2459,アウンコンサルティング,サービス業
2461,ファンコミュニケーションズ,サービス業
2462,ライク,サービス業
2464,Ａｏｂａ‐ＢＢＴ,サービス業
2468,フュートレック,サービス業
2469,ヒビノ,サービス業
2471,エスプール,サービス業
2475,ＷＤＢホールディングス,サービス業
2477,手間いらず,情報･通信業
2479,ジェイテック,サービス業
2480,システム・ロケーション,情報･通信業
2481,タウンニュース社,サービス業
2483,翻訳センター,サービス業
2484,出前館,情報･通信業
2485,ティア,サービス業
2487,ＣＤＧ,サービス業
2488,ＪＴＰ,サービス業
2489,アドウェイズ,サービス業
2491,バリューコマース,サービス業
2492,インフォマート,サービス業
2493,イーサポートリンク,サービス業
2497,ユナイテッド,サービス業
2498,オリエンタルコンサルタンツホールディングス,サービス業
2499,日本和装ホールディングス,サービス業
2501,サッポロホールディングス,食料品
2502,アサヒグループホールディングス,食料品
2503,キリンホールディングス,食料品
2510,野村アセットマネジメント株式会社　ＮＥＸＴ　ＦＵＮＤＳ　国内債券・ＮＯＭＵＲＡ−ＢＰＩ総合連動型上場投信,その他
2511,野村アセットマネジメント株式会社　ＮＥＸＴ　ＦＵＮＤＳ　外国債券・ＦＴＳＥ世界国債インデックス（除く日本・為替ヘッジなし）連動型上場投信,その他
2512,野村アセットマネジメント株式会社　ＮＥＸＴ　ＦＵＮＤＳ　外国債券・ＦＴＳＥ世界国債インデックス（除く日本・為替ヘッジあり）連動型上場投信,その他
2513,野村アセットマネジメント株式会社　ＮＥＸＴ　ＦＵＮＤＳ　外国株式・ＭＳＣＩ−ＫＯＫＵＳＡＩ指数（為替ヘッジなし）連動型上場投信,その他
2514,野村アセットマネジメント株式会社　ＮＥＸＴ　ＦＵＮＤＳ　外国株式・ＭＳＣＩ−ＫＯＫＵＳＡＩ指数（為替ヘッジあり）連動型上場投信,その他
2515,野村アセットマネジメント株式会社　ＮＥＸＴ　ＦＵＮＤＳ　外国ＲＥＩＴ・Ｓ＆Ｐ先進国ＲＥＩＴ指数（除く日本・為替ヘッジなし）連動型上場投信,その他
2516,シンプレクス・アセット・マネジメント株式会社　東証グロース２５０ＥＴＦ,その他
2517,三菱ＵＦＪアセットマネジメント株式会社　ＭＡＸＩＳ　Ｊリート・コア上場投信,その他
2518,野村アセットマネジメント株式会社　ＮＥＸＴ　ＦＵＮＤＳ　ＭＳＣＩ日本株女性活躍指数（セレクト）連動型上場投信,その他
2519,野村アセットマネジメント株式会社　ＮＥＸＴ　ＦＵＮＤＳ　新興国債券・Ｊ．Ｐ．モルガン・エマージング・マーケット・ボンド・インデックス・プラス（為替ヘッジなし）連動型上場投信,その他
2520,野村アセットマネジメント株式会社　ＮＥＸＴ　ＦＵＮＤＳ　新興国株式・ＭＳＣＩエマージング・マーケット・インデックス（為替ヘッジなし）連動型上場投信,その他
2521,日興アセットマネジメント株式会社　上場インデックスファンド米国株式（Ｓ＆Ｐ５００）為替ヘッジあり,その他
2522,ブラックロック・ジャパン株式会社　ｉシェアーズ　オートメーション　＆　ロボット　ＥＴＦ,その他
2523,三菱ＵＦＪアセットマネジメント株式会社　ＭＡＸＩＳトピックス（除く金融）上場投信,その他
2524,農林中金全共連アセットマネジメント株式会社　ＮＺＡＭ　上場投信　ＴＯＰＩＸ,その他
2525,農林中金全共連アセットマネジメント株式会社　ＮＺＡＭ　上場投信　日経２２５,その他
2526,農林中金全共連アセットマネジメント株式会社　ＮＺＡＭ　上場投信　ＪＰＸ日経４００,その他
2527,農林中金全共連アセットマネジメント株式会社　ＮＺＡＭ　上場投信　東証ＲＥＩＴ　Ｃｏｒｅ指数,その他
2528,大和アセットマネジメント株式会社　ｉＦｒｅｅＥＴＦ　東証ＲＥＩＴ　Ｃｏｒｅ指数,その他
2529,野村アセットマネジメント株式会社　ＮＥＸＴ　ＦＵＮＤＳ　野村株主還元７０連動型上場投信,その他
2530,三菱ＵＦＪアセットマネジメント株式会社　ＭＡＸＩＳ　ＨｕａＡｎ中国株式（上海１８０Ａ株）上場投信,その他
2531,宝ホールディングス,食料品
2533,オエノンホールディングス,食料品
2540,養命酒製造,食料品
2552,日興アセットマネジメント株式会社　上場インデックスファンドＪリート（東証ＲＥＩＴ指数）隔月分配型（ミニ）,その他
2553,アセットマネジメントＯｎｅ株式会社　Ｏｎｅ　ＥＴＦ　南方　中国Ａ株　ＣＳＩ５００,その他
2554,野村アセットマネジメント株式会社　ＮＥＸＴ　ＦＵＮＤＳ　ブルームバーグ米国投資適格社債（１−１０年）インデックス（為替ヘッジあり）連動型上場投信,その他
2555,シンプレクス・アセット・マネジメント株式会社　東証ＲＥＩＴ　ＥＴＦ,その他
2556,アセットマネジメントＯｎｅ株式会社　Ｏｎｅ　ＥＴＦ　東証ＲＥＩＴ指数,その他
2557,三井住友ＤＳアセットマネジメント株式会社　ＳＭＤＡＭ　トピックス上場投信,その他
2558,三菱ＵＦＪアセットマネジメント株式会社　ＭＡＸＩＳ米国株式（Ｓ＆Ｐ５００）上場投信,その他
2559,三菱ＵＦＪアセットマネジメント株式会社　ＭＡＸＩＳ全世界株式（オール・カントリー）上場投信,その他
2560,三菱ＵＦＪアセットマネジメント株式会社　ＭＡＸＩＳカーボン・エフィシェント日本株上場投信,その他
2561,ブラックロック・ジャパン株式会社　ｉシェアーズ・コア　日本国債　ＥＴＦ,その他
2562,日興アセットマネジメント株式会社　上場インデックスファンド米国株式（ダウ平均）為替ヘッジあり,その他
2563,ブラックロック・ジャパン株式会社　ｉシェアーズ　Ｓ＆Ｐ　５００　米国株　ＥＴＦ（為替ヘッジあり）,その他
2564,Ｇｌｏｂａｌ　Ｘ　Ｊａｐａｎ株式会社　グローバルＸ　ＭＳＣＩスーパーディビィデンド−日本株式　ＥＴＦ,その他
2565,Ｇｌｏｂａｌ　Ｘ　Ｊａｐａｎ株式会社　グローバルＸ　ロジスティクス・Ｊ−ＲＥＩＴ　ＥＴＦ,その他
2566,日興アセットマネジメント株式会社　上場インデックスファンド日経ＥＳＧリート,その他
2567,農林中金全共連アセットマネジメント株式会社　ＮＺＡＭ　上場投信　Ｓ＆Ｐ／ＪＰＸカーボン・エフィシェント指数,その他
2568,日興アセットマネジメント株式会社　上場インデックスファンド米国株式（ＮＡＳＤＡＱ１００）為替ヘッジなし,その他
2569,日興アセットマネジメント株式会社　上場インデックスファンド米国株式（ＮＡＳＤＡＱ１００）為替ヘッジあり,その他
2573,北海道コカ・コーラボトリング,食料品
2579,コカ・コーラ　ボトラーズジャパンホールディングス,食料品
2585,ライフドリンク　カンパニー,食料品
2586,フルッタフルッタ,食料品
2587,サントリー食品インターナショナル,食料品
2588,プレミアムウォーターホールディングス,食料品
2590,ダイドーグループホールディングス,食料品
2593,伊藤園,食料品
2594,キーコーヒー,食料品
2597,ユニカフェ,食料品
2599,ジャパンフーズ,食料品
2602,日清オイリオグループ,食料品
2607,不二製油グループ本社,食料品
2612,かどや製油,食料品
2613,Ｊ−オイルミルズ,食料品
2620,ブラックロック・ジャパン株式会社　ｉシェアーズ　米国債１−３年　ＥＴＦ,その他
2621,ブラックロック・ジャパン株式会社　ｉシェアーズ　米国債２０年超　ＥＴＦ（為替ヘッジあり）,その他
2622,ブラックロック・ジャパン株式会社　ｉシェアーズ　米ドル建て新興国債券　ＥＴＦ（為替ヘッジあり）,その他
2623,ブラックロック・ジャパン株式会社　ｉシェアーズ　ユーロ建て投資適格社債　ＥＴＦ（為替ヘッジあり）,その他
2624,大和アセットマネジメント株式会社　ｉＦｒｅｅＥＴＦ　日経２２５（年４回決算型）,その他
2625,大和アセットマネジメント株式会社　ｉＦｒｅｅＥＴＦ　ＴＯＰＩＸ（年４回決算型）,その他
2626,Ｇｌｏｂａｌ　Ｘ　Ｊａｐａｎ株式会社　グローバルＸ　デジタル・イノベーション−日本株式　ＥＴＦ,その他
2627,Ｇｌｏｂａｌ　Ｘ　Ｊａｐａｎ株式会社　グローバルＸ　ｅコマース−日本株式　ＥＴＦ,その他
2628,大和アセットマネジメント株式会社　ｉＦｒｅｅＥＴＦ　中国科創板５０（ＳＴＡＲ５０）,その他
2629,大和アセットマネジメント株式会社　ｉＦｒｅｅＥＴＦ　中国グレーターベイエリア・イノベーション１００（ＧＢＡ１００）,その他
2630,三菱ＵＦＪアセットマネジメント株式会社　ＭＡＸＩＳ米国株式（Ｓ＆Ｐ５００）上場投信（為替ヘッジあり）,その他
2631,三菱ＵＦＪアセットマネジメント株式会社　ＭＡＸＩＳナスダック１００上場投信,その他
2632,三菱ＵＦＪアセットマネジメント株式会社　ＭＡＸＩＳナスダック１００上場投信（為替ヘッジあり）,その他
2633,野村アセットマネジメント株式会社　ＮＥＸＴ　ＦＵＮＤＳ　Ｓ＆Ｐ　５００　指数（為替ヘッジなし）連動型上場投信,その他
2634,野村アセットマネジメント株式会社　ＮＥＸＴ　ＦＵＮＤＳ　Ｓ＆Ｐ　５００　指数（為替ヘッジあり）連動型上場投信,その他
2635,野村アセットマネジメント株式会社　ＮＥＸＴ　ＦＵＮＤＳ　Ｓ＆Ｐ　５００　ＥＳＧ指数連動型上場投信,その他
2636,Ｇｌｏｂａｌ　Ｘ　Ｊａｐａｎ株式会社　グローバルＸ　ＭＳＣＩ　ガバナンス・クオリティ−日本株式　ＥＴＦ,その他
2637,Ｇｌｏｂａｌ　Ｘ　Ｊａｐａｎ株式会社　グローバルＸ　クリーンテック−日本株式　ＥＴＦ,その他
2638,Ｇｌｏｂａｌ　Ｘ　Ｊａｐａｎ株式会社　グローバルＸ　ロボティクス＆ＡＩ−日本株式　ＥＴＦ,その他
2639,Ｇｌｏｂａｌ　Ｘ　Ｊａｐａｎ株式会社　グローバルＸ　バイオ＆メドテック−日本株式　ＥＴＦ,その他
2640,Ｇｌｏｂａｌ　Ｘ　Ｊａｐａｎ株式会社　グローバルＸ　ゲーム＆アニメ−日本株式　ＥＴＦ,その他
2641,Ｇｌｏｂａｌ　Ｘ　Ｊａｐａｎ株式会社　グローバルＸ　グローバルリーダーズ−日本株式　ＥＴＦ,その他
2642,三井住友トラスト・アセットマネジメント株式会社　ＳＭＴ　ＥＴＦカーボン・エフィシェント日本株,その他
2643,野村アセットマネジメント株式会社　ＮＥＸＴ　ＦＵＮＤＳ　ＭＳＣＩジャパンカントリーＥＳＧリーダーズ指数連動型上場投信,その他
2644,Ｇｌｏｂａｌ　Ｘ　Ｊａｐａｎ株式会社　グローバルＸ　半導体関連−日本株式　ＥＴＦ,その他
2645,Ｇｌｏｂａｌ　Ｘ　Ｊａｐａｎ株式会社　グローバルＸ　レジャー＆エンターテインメント−日本株式　ＥＴＦ,その他
2646,Ｇｌｏｂａｌ　Ｘ　Ｊａｐａｎ株式会社　グローバルＸ　メタルビジネス−日本株式　ＥＴＦ,その他
2647,野村アセットマネジメント株式会社　ＮＥＸＴ　ＦＵＮＤＳ　ブルームバーグ米国国債（７−１０年）インデックス（為替ヘッジなし）連動型上場投信,その他
2648,野村アセットマネジメント株式会社　ＮＥＸＴ　ＦＵＮＤＳ　ブルームバーグ米国国債（７−１０年）インデックス（為替ヘッジあり）連動型上場投信,その他
2649,ブラックロック・ジャパン株式会社　ｉシェアーズ　米国政府系機関ジニーメイＭＢＳ　ＥＴＦ（為替ヘッジあり）,その他
2652,まんだらけ,小売業
2653,イオン九州,小売業
2654,アスモ,小売業
2656,ベクターホールディングス,小売業
2659,サンエー,小売業
2664,カワチ薬品,小売業
2666,オートウェーブ,小売業
2667,イメージ　ワン,卸売業
2668,タビオ,卸売業
2669,カネ美食品,小売業
2670,エービーシー・マート,小売業
2673,夢みつけ隊,小売業
2674,ハードオフコーポレーション,小売業
2676,高千穂交易,卸売業
2678,アスクル,小売業
2681,ゲオホールディングス,小売業
2683,魚喜,小売業
2685,アダストリア,小売業
2686,ジーフット,小売業
2687,シー・ヴイ・エス・ベイエリア,小売業
2689,オルバヘルスケアホールディングス,卸売業
2692,伊藤忠食品,卸売業
2693,ＹＫＴ,卸売業
2694,焼肉坂井ホールディングス,小売業
2695,くら寿司,小売業
2698,キャンドゥ,小売業
2700,木徳神糧,卸売業
2702,日本マクドナルドホールディングス,小売業
2705,大戸屋ホールディングス,小売業
2708,久世,卸売業
2715,エレマテック,卸売業
2721,ジェイホールディングス,卸売業
2722,ＩＫホールディングス,小売業
2726,パルグループホールディングス,小売業
2730,エディオン,小売業
2733,あらた,卸売業
2734,サーラコーポレーション,小売業
2735,ワッツ,小売業
2736,フェスタリアホールディングス,小売業
2737,トーメンデバイス,卸売業
2742,ハローズ,小売業
2743,ピクセルカンパニーズ,卸売業
2747,北雄ラッキー,小売業
2749,ＪＰホールディングス,サービス業
2750,石光商事,卸売業
2751,テンポスホールディングス,卸売業
2752,フジオフードグループ本社,小売業
2753,あみやき亭,小売業
2754,東葛ホールディングス,小売業
2760,東京エレクトロン　デバイス,卸売業
2762,ＳＡＮＫＯ　ＭＡＲＫＥＴＩＮＧ　ＦＯＯＤＳ,小売業
2763,エフティグループ,卸売業
2764,ひらまつ,小売業
2767,円谷フィールズホールディングス,卸売業
2768,双日,卸売業
2769,ヴィレッジヴァンガードコーポレーション,小売業
2776,新都ホールディングス,卸売業
2778,パレモ・ホールディングス,小売業
2780,コメ兵ホールディングス,小売業
2782,セリア,小売業
2784,アルフレッサ　ホールディングス,卸売業
2788,アップルインターナショナル,卸売業
2789,カルラ,小売業
2790,ナフコ,小売業
2791,大黒天物産,小売業
2792,ハニーズホールディングス,小売業
2795,日本プリメックス,卸売業
2796,ファーマライズホールディングス,小売業
2798,ワイズテーブルコーポレーション,小売業
2801,キッコーマン,食料品
2802,味の素,食料品
2804,ブルドックソース,食料品
2805,ヱスビー食品,食料品
2806,ユタカフーズ,食料品
2809,キユーピー,食料品
2810,ハウス食品グループ本社,食料品
2811,カゴメ,食料品
2813,和弘食品,食料品
2814,佐藤食品工業,食料品
2815,アリアケジャパン,食料品
2816,ダイショー,食料品
2818,ピエトロ,食料品
2819,エバラ食品工業,食料品
2820,やまみ,食料品
2830,アヲハタ,食料品
2831,はごろもフーズ,食料品
2836,Ｇｌｏｂａｌ　Ｘ　Ｊａｐａｎ株式会社　グローバルＸ　フィンテック−日本株式　ＥＴＦ,その他
2837,Ｇｌｏｂａｌ　Ｘ　Ｊａｐａｎ株式会社　グローバルＸ　中小型リーダーズ−日本株式　ＥＴＦ,その他
2838,三菱ＵＦＪアセットマネジメント株式会社　ＭＡＸＩＳ米国国債７−１０年上場投信（為替ヘッジなし）,その他
2839,三菱ＵＦＪアセットマネジメント株式会社　ＭＡＸＩＳ米国国債７−１０年上場投信（為替ヘッジあり）,その他
2840,大和アセットマネジメント株式会社　ｉＦｒｅｅＥＴＦ　ＮＡＳＤＡＱ１００（為替ヘッジなし）,その他
2841,大和アセットマネジメント株式会社　ｉＦｒｅｅＥＴＦ　ＮＡＳＤＡＱ１００（為替ヘッジあり）,その他
2842,大和アセットマネジメント株式会社　ｉＦｒｅｅＥＴＦ　ＮＡＳＤＡＱ１００インバース,その他
2843,日興アセットマネジメント株式会社　上場インデックスファンド豪州国債（為替ヘッジあり）,その他
2844,日興アセットマネジメント株式会社　上場インデックスファンド豪州国債（為替ヘッジなし）,その他
2845,野村アセットマネジメント株式会社　ＮＥＸＴ　ＦＵＮＤＳ　ＮＡＳＤＡＱ−１００（為替ヘッジあり）連動型上場投信,その他
2846,野村アセットマネジメント株式会社　ＮＥＸＴ　ＦＵＮＤＳ　ダウ・ジョーンズ工業株３０種平均株価（為替ヘッジあり）連動型上場投信,その他
2847,Ｇｌｏｂａｌ　Ｘ　Ｊａｐａｎ株式会社　グローバルＸ　新成長インフラ−日本株式　ＥＴＦ,その他
2848,Ｇｌｏｂａｌ　Ｘ　Ｊａｐａｎ株式会社　グローバルＸ　ＭＳＣＩ　気候変動対応−日本株式　ＥＴＦ,その他
2849,Ｇｌｏｂａｌ　Ｘ　Ｊａｐａｎ株式会社　グローバルＸ　Ｍｏｒｎｉｎｇｓｔａｒ　高配当　ＥＳＧ−日本株式　ＥＴＦ,その他
2850,野村アセットマネジメント株式会社　ＮＥＸＴ　ＦＵＮＤＳ　ＳｏｌａｃｔｉｖｅジャパンＥＳＧコア指数連動型上場投信,その他
2851,ブラックロック・ジャパン株式会社　ｉシェアーズ　ＭＳＣＩ　ジャパンＳＲＩ　ＥＴＦ,その他
2852,ブラックロック・ジャパン株式会社　ｉシェアーズ　グリーンＪリート　ＥＴＦ,その他
2853,ブラックロック・ジャパン株式会社　ｉシェアーズ　気候リスク調整世界国債　ＥＴＦ（除く日本・為替ヘッジあり）,その他
2854,Ｇｌｏｂａｌ　Ｘ　Ｊａｐａｎ株式会社　グローバルＸ　テック・トップ２０−日本株式　ＥＴＦ,その他
2855,Ｇｌｏｂａｌ　Ｘ　Ｊａｐａｎ株式会社　グローバルＸ　グリーン・Ｊ−ＲＥＩＴ　ＥＴＦ,その他
2856,ブラックロック・ジャパン株式会社　ｉシェアーズ　米国債３−７年　ＥＴＦ（為替ヘッジあり）,その他
2857,ブラックロック・ジャパン株式会社　ｉシェアーズ　ドイツ国債　ＥＴＦ（為替ヘッジあり）,その他
2858,Ｇｌｏｂａｌ　Ｘ　Ｊａｐａｎ株式会社　グローバルＸ　日経２２５　カバード・コール　ＥＴＦ（プレミアム再投資型）,その他
2859,野村アセットマネジメント株式会社　ＮＥＸＴ　ＦＵＮＤＳ　ユーロ・ストックス５０指数（為替ヘッジあり）連動型上場投信,その他
2860,野村アセットマネジメント株式会社　ＮＥＸＴ　ＦＵＮＤＳ　ドイツ株式・ＤＡＸ（為替ヘッジあり）連動型上場投信,その他
2861,日興アセットマネジメント株式会社　上場インデックスファンドフランス国債（為替ヘッジなし）,その他
2862,日興アセットマネジメント株式会社　上場インデックスファンドフランス国債（為替ヘッジあり）,その他
2863,野村アセットマネジメント株式会社　ＮＥＸＴ　ＦＵＮＤＳ　Ｓ＆Ｐ米国株式・債券バランス保守型指数（為替ヘッジあり）連動型上場投信,その他
2864,Ｇｌｏｂａｌ　Ｘ　Ｊａｐａｎ株式会社　グローバルＸ　ロジスティクス・ＲＥＩＴ　ＥＴＦ,その他
2865,Ｇｌｏｂａｌ　Ｘ　Ｊａｐａｎ株式会社　グローバルＸ　ＮＡＳＤＡＱ１００・カバード・コール　ＥＴＦ,その他
2866,Ｇｌｏｂａｌ　Ｘ　Ｊａｐａｎ株式会社　グローバルＸ　米国優先証券　ＥＴＦ,その他
2867,Ｇｌｏｂａｌ　Ｘ　Ｊａｐａｎ株式会社　グローバルＸ　自動運転＆ＥＶ　ＥＴＦ,その他
2868,Ｇｌｏｂａｌ　Ｘ　Ｊａｐａｎ株式会社　グローバルＸ　Ｓ＆Ｐ５００・カバード・コール　ＥＴＦ,その他
2869,大和アセットマネジメント株式会社　ｉＦｒｅｅＥＴＦ　ＮＡＳＤＡＱ１００レバレッジ,その他
2870,大和アセットマネジメント株式会社　ｉＦｒｅｅＥＴＦ　ＮＡＳＤＡＱ１００ダブルインバース,その他
2871,ニチレイ,食料品
2872,セイヒョー,食料品
2874,横浜冷凍,卸売業
2875,東洋水産,食料品
2876,デルソーレ,食料品
2877,日東ベスト,食料品
2882,イートアンドホールディングス,食料品
2883,大冷,食料品
2884,ヨシムラ・フード・ホールディングス,食料品
2892,日本食品化工,食料品
2894,石井食品,食料品
2897,日清食品ホールディングス,食料品
2899,永谷園ホールディングス,食料品
2901,ウェルディッシュ,食料品
2903,シノブフーズ,食料品
2904,一正蒲鉾,食料品
2907,あじかん,食料品
2908,フジッコ,食料品
2910,ロック・フィールド,食料品
2911,旭松食品,食料品
2914,日本たばこ産業,食料品
2915,ケンコーマヨネーズ,食料品
2916,仙波糖化工業,食料品
2917,大森屋,食料品
2918,わらべや日洋ホールディングス,食料品
2922,なとり,食料品
2923,サトウ食品,食料品
2924,イフジ産業,食料品
2926,篠崎屋,食料品
2927,ＡＦＣ−ＨＤアムスライフサイエンス,食料品
2929,ファーマフーズ,食料品
2930,北の達人コーポレーション,化学
2931,ユーグレナ,食料品
2932,ＳＴＩフードホールディングス,食料品
2933,紀文食品,食料品
2934,ジェイフロンティア,食料品
2935,ピックルスホールディングス,食料品
2936,ベースフード,食料品
2937,サンクゼール,食料品
2938,オカムラ食品工業,食料品
2961,日本調理機,金属製品
2962,テクニスコ,金属製品
2970,グッドライフカンパニー,不動産業
2971,エスコンジャパンリート投資法人,その他
2972,サンケイリアルエステート投資法人,その他
2975,スター・マイカ・ホールディングス,不動産業
2977,Ｌｉｖｅｎｕｐ　Ｇｒｏｕｐ,不動産業
2978,ツクルバ,不動産業
2979,ＳＯＳｉＬＡ物流リート投資法人,その他
2980,ＳＲＥホールディングス,不動産業
2981,ランディックス,不動産業
2982,ＡＤワークスグループ,不動産業
2983,アールプランナー,不動産業
2984,ヤマイチ・ユニハイムエステート,不動産業
2985,ファーストステージ,不動産業
2986,ＬＡホールディングス,不動産業
2989,東海道リート投資法人,その他
2990,アイダ設計,不動産業
2991,ランドネット,不動産業
2992,アーバンライク,不動産業
2993,長栄,不動産業
2994,アンサーホールディングス,不動産業
2995,ジェイレックス・コーポレーション,不動産業
2997,ストレージ王,不動産業
2998,クリアル,不動産業
2999,ホームポジション,不動産業
3001,片倉工業,繊維製品
3002,グンゼ,繊維製品
3003,ヒューリック,不動産業
3004,神栄,卸売業
3010,ポラリス・ホールディングス,サービス業
3011,バナーズ,小売業
3020,アプライド,小売業
3021,パシフィックネット,サービス業
3023,ラサ商事,卸売業
3024,クリエイト,卸売業
3028,アルペン,小売業
3030,ハブ,小売業
3031,ラクーンホールディングス,情報･通信業
3034,クオールホールディングス,小売業
3035,ケイティケイ,卸売業
3036,アルコニックス,卸売業
3038,神戸物産,卸売業
3039,碧,小売業
3040,ソリトンシステムズ,情報･通信業
3041,ビューティカダンホールディングス,卸売業
3042,セキュアヴェイル,情報･通信業
3045,カワサキ,卸売業
3046,ジンズホールディングス,小売業
3048,ビックカメラ,小売業
3050,ＤＣＭホールディングス,小売業
3053,ペッパーフードサービス,小売業
3054,ハイパー,卸売業
3058,三洋堂ホールディングス,小売業
3059,ヒラキ,小売業
3063,ジェイグループホールディングス,小売業
3064,ＭｏｎｏｔａＲＯ,小売業
3065,ライフフーズ,小売業
3067,東京一番フーズ,小売業
3068,ＷＤＩ,小売業
3069,ＪＦＬＡホールディングス,小売業
3070,アマガサ,卸売業
3071,ストリーム,小売業
3073,ＤＤグループ,小売業
3075,銚子丸,小売業
3076,あい　ホールディングス,卸売業
3077,ホリイフードサービス,小売業
3079,ディーブイエックス,卸売業
3080,ジェーソン,小売業
